j2p_over_j1,sector_index,n,m,source_qa,source_qb,sector_dimension,sector_energy_total,delta_energy_to_gs
0.3,0,0,0,0,0,225592,-11.519549698470291,0.0
0.3,1,1,5,0,1,225264,-10.738441988542458,0.7811077099278325
0.3,2,2,4,0,2,225570,-10.76132617581524,0.7582235226550509
0.3,3,3,3,0,3,225280,-10.660517814382484,0.8590318840878073
0.3,4,4,2,0,4,225570,-10.761326175814954,0.7582235226553369
0.3,5,5,1,0,5,225264,-10.738441988542075,0.7811077099282162
0.3,6,3,0,1,0,225280,-10.66051781438275,0.8590318840875408
0.3,7,4,5,1,1,225264,-10.73844198854241,0.7811077099278805
0.3,8,5,4,1,2,225264,-10.738441988542407,0.781107709927884
0.3,9,0,3,1,3,225280,-10.660517814382963,0.8590318840873277
0.3,10,1,2,1,4,225264,-10.738441988542723,0.7811077099275678
0.3,11,2,1,1,5,225264,-10.738441988542643,0.7811077099276478
0.35,0,0,0,0,0,225592,-11.272073189150204,0.0
0.35,1,1,5,0,1,225264,-10.612564444463366,0.6595087446868373
0.35,2,2,4,0,2,225570,-10.661151455369472,0.6109217337807316
0.35,3,3,3,0,3,225280,-10.567567274532838,0.704505914617366
0.35,4,4,2,0,4,225570,-10.661151455369659,0.610921733780545
0.35,5,5,1,0,5,225264,-10.612564444463306,0.6595087446868977
0.35,6,3,0,1,0,225280,-10.56756727453307,0.7045059146171333
0.35,7,4,5,1,1,225264,-10.612564444463532,0.6595087446866721
0.35,8,5,4,1,2,225264,-10.61256444446382,0.6595087446863843
0.35,9,0,3,1,3,225280,-10.567567274532738,0.7045059146174655
0.35,10,1,2,1,4,225264,-10.612564444463763,0.6595087446864412
0.35,11,2,1,1,5,225264,-10.612564444463564,0.6595087446866401
0.4,0,0,0,0,0,225592,-11.04820721352187,0.0
0.4,1,1,5,0,1,225264,-10.505166244619907,0.5430409689019626
0.4,2,2,4,0,2,225570,-10.57480398321159,0.4734032303102804
0.4,3,3,3,0,3,225280,-10.488798922342827,0.559408291179043
0.4,4,4,2,0,4,225570,-10.574803983211519,0.4734032303103515
0.4,5,5,1,0,5,225264,-10.505166244619877,0.5430409689019928
0.4,6,3,0,1,0,225280,-10.488798922343,0.5594082911788707
0.4,7,4,5,1,1,225264,-10.505166244619664,0.543040968902206
0.4,8,5,4,1,2,225264,-10.50516624462009,0.5430409689017797
0.4,9,0,3,1,3,225280,-10.488798922343419,0.5594082911784515
0.4,10,1,2,1,4,225264,-10.505166244619863,0.543040968902007
0.4,11,2,1,1,5,225264,-10.505166244619849,0.5430409689020212
0.45,0,0,0,0,0,225592,-10.852684150621396,0.0
0.45,1,1,5,0,1,225264,-10.418075083405203,0.4346090672161935
0.45,2,2,4,0,2,225570,-10.503581723353733,0.3491024272676633
0.45,3,3,3,0,3,225280,-10.425650716193788,0.4270334344276083
0.45,4,4,2,0,4,225570,-10.503581723353928,0.3491024272674679
0.45,5,5,1,0,5,225264,-10.41807508340482,0.43460906721657544
0.45,6,3,0,1,0,225280,-10.425650716193818,0.42703343442757813
0.45,7,4,5,1,1,225264,-10.418075083405395,0.4346090672160017
0.45,8,5,4,1,2,225264,-10.418075083405432,0.4346090672159644
0.45,9,0,3,1,3,225280,-10.425650716193779,0.4270334344276172
0.45,10,1,2,1,4,225264,-10.418075083405279,0.43460906721611714
0.45,11,2,1,1,5,225264,-10.41807508340476,0.43460906721663584
0.5,0,0,0,0,0,225592,-10.690587191002,0.0
0.5,1,1,5,0,1,225264,-10.353162551605147,0.3374246393968541
0.5,2,2,4,0,2,225570,-10.454315999709108,0.23627119129289298
0.5,3,3,3,0,3,225280,-10.379578570096282,0.311008620905719
0.5,4,4,2,0,4,225570,-10.454315999709207,0.2362711912927935
0.5,5,5,1,0,5,225264,-10.353162551605033,0.33742463939696776
0.5,6,3,0,1,0,225280,-10.379578570096175,0.3110086209058256
0.5,7,4,5,1,1,225264,-10.353162551604802,0.3374246393971987
0.5,8,5,4,1,2,225264,-10.353162551604997,0.3374246393970033
0.5,9,0,3,1,3,225280,-10.379578570096255,0.31100862090574566
0.5,10,1,2,1,4,225264,-10.353162551604726,0.3374246393972751
0.5,11,2,1,1,5,225264,-10.353162551605319,0.33742463939668177
0.55,0,0,0,0,0,225592,-10.566396314299151,0.0
0.55,1,1,5,0,1,225264,-10.312334699759868,0.25406161453928355
0.55,2,2,4,0,2,225570,-10.428223151499044,0.13817316280010772
0.55,3,3,3,0,3,225280,-10.35197138547941,0.2144249288197404
0.55,4,4,2,0,4,225570,-10.42822315149886,0.13817316280029068
0.55,5,5,1,0,5,225264,-10.312334699759791,0.25406161453935994
0.55,6,3,0,1,0,225280,-10.351971385479278,0.21442492881987363
0.55,7,4,5,1,1,225264,-10.31233469975977,0.25406161453938125
0.55,8,5,4,1,2,225264,-10.312334699759692,0.2540616145394594
0.55,9,0,3,1,3,225280,-10.351971385479473,0.21442492881967823
0.55,10,1,2,1,4,225264,-10.312334699759532,0.2540616145396193
0.55,11,2,1,1,5,225264,-10.312334699759754,0.25406161453939724
0.6,0,0,0,0,0,225592,-10.483237362068953,0.0
0.6,1,1,5,0,1,225264,-10.297450175729713,0.1857871863392404
0.6,2,2,4,0,2,225570,-10.41877409328042,0.0644632687885327
0.6,3,3,3,0,3,225280,-10.344056903626905,0.1391804584420484
0.6,4,4,2,0,4,225570,-10.418774093280927,0.06446326878802644
0.6,5,5,1,0,5,225264,-10.297450175729315,0.1857871863396383
0.6,6,3,0,1,0,225280,-10.344056903627214,0.13918045844173932
0.6,7,4,5,1,1,225264,-10.29745017572952,0.18578718633943403
0.6,8,5,4,1,2,225264,-10.297450175729626,0.18578718633932745
0.6,9,0,3,1,3,225280,-10.344056903627175,0.1391804584417784
0.6,10,1,2,1,4,225264,-10.297450175729479,0.18578718633947489
0.6,11,2,1,1,5,225264,-10.29745017572942,0.1857871863395335
0.65,0,0,0,0,0,225592,-10.443368161646957,0.0
0.65,1,1,5,0,1,225264,-10.310044701223724,0.13332346042323273
0.65,2,2,4,0,2,225570,-10.42715916691771,0.016208994729247195
0.65,3,3,3,0,3,225280,-10.356816571717582,0.08655158992937473
0.65,4,4,2,0,4,225570,-10.427159166917855,0.016208994729101533
0.65,5,5,1,0,5,225264,-10.310044701224482,0.13332346042247423
0.65,6,3,0,1,0,225280,-10.356816571716807,0.08655158993014922
0.65,7,4,5,1,1,225264,-10.310044701224761,0.13332346042219534
0.65,8,5,4,1,2,225264,-10.31004470122389,0.13332346042306753
0.65,9,0,3,1,3,225280,-10.35681657171708,0.08655158992987744
0.65,10,1,2,1,4,225264,-10.310044701223987,0.13332346042296983
0.65,11,2,1,1,5,225264,-10.310044701224134,0.1333234604228224
0.66,0,0,0,0,0,225592,-10.440786571501084,0.0
0.66,1,1,5,0,1,225264,-10.315942306113739,0.12484426538734539
0.66,2,2,4,0,2,225570,-10.431069258366655,0.009717313134428807
0.66,3,3,3,0,3,225280,-10.361914706443635,0.07887186505744914
0.66,4,4,2,0,4,225570,-10.431069258367081,0.009717313134002481
0.66,5,5,1,0,5,225264,-10.315942306114197,0.12484426538688709
0.66,6,3,0,1,0,225280,-10.361914706442906,0.07887186505817745
0.66,7,4,5,1,1,225264,-10.315942306114133,0.12484426538695104
0.66,8,5,4,1,2,225264,-10.315942306113731,0.1248442653873525
0.66,9,0,3,1,3,225280,-10.36191470644374,0.07887186505734434
0.66,10,1,2,1,4,225264,-10.31594230611408,0.12484426538700433
0.66,11,2,1,1,5,225264,-10.315942306113586,0.12484426538749815
0.67,0,0,0,0,0,225592,-10.440038987578365,0.0
0.67,1,1,5,0,1,225264,-10.322969264146233,0.11706972343213273
0.67,2,2,4,0,2,225570,-10.435740688134516,0.004298299443849629
0.67,3,3,3,0,3,225280,-10.367871834415977,0.07216715316238798
0.67,4,4,2,0,4,225570,-10.435740688134711,0.00429829944365423
0.67,5,5,1,0,5,225264,-10.322969264146751,0.11706972343161404
0.67,6,3,0,1,0,225280,-10.367871834415933,0.07216715316243238
0.67,7,4,5,1,1,225264,-10.322969264147156,0.11706972343120903
0.67,8,5,4,1,2,225264,-10.322969264146648,0.11706972343171707
0.67,9,0,3,1,3,225280,-10.367871834416059,0.07216715316230626
0.67,10,1,2,1,4,225264,-10.322969264147535,0.11706972343083066
0.67,11,2,1,1,5,225264,-10.322969264147359,0.11706972343100652
0.68,0,0,0,0,0,225592,-10.441132987250347,4.677364968053155e-05
0.68,1,1,5,0,1,225264,-10.331121678750343,0.11005808214968482
0.68,2,2,4,0,2,225570,-10.44117976089974,2.877698079828406e-13
0.68,3,3,3,0,3,225280,-10.374691351241696,0.0664884096583318
0.68,4,4,2,0,4,225570,-10.441179760900027,0.0
0.68,5,5,1,0,5,225264,-10.331121678750037,0.11005808214999035
0.68,6,3,0,1,0,225280,-10.37469135124143,0.06648840965859826
0.68,7,4,5,1,1,225264,-10.331121678749643,0.1100580821503847
0.68,8,5,4,1,2,225264,-10.331121678749955,0.11005808215007207
0.68,9,0,3,1,3,225280,-10.37469135124178,0.06648840965824654
0.68,10,1,2,1,4,225264,-10.331121678750788,0.11005808214923896
0.68,11,2,1,1,5,225264,-10.331121678750693,0.11005808214933488
0.69,0,0,0,0,0,225592,-10.44406835033843,0.0033238843341631963
0.69,1,1,5,0,1,225264,-10.340392785950968,0.10699944872162526
0.69,2,2,4,0,2,225570,-10.447392234672593,0.0
0.69,3,3,3,0,3,225280,-10.382376205402338,0.06501602927025552
0.69,4,4,2,0,4,225570,-10.447392234672309,2.8421709430404007e-13
0.69,5,5,1,0,5,225264,-10.340392785951298,0.10699944872129485
0.69,6,3,0,1,0,225280,-10.38237620540185,0.06501602927074401
0.69,7,4,5,1,1,225264,-10.340392785951309,0.1069994487212842
0.69,8,5,4,1,2,225264,-10.340392785951266,0.10699944872132683
0.69,9,0,3,1,3,225280,-10.382376205402458,0.06501602927013472
0.69,10,1,2,1,4,225264,-10.340392785952117,0.10699944872047595
0.69,11,2,1,1,5,225264,-10.340392785951313,0.10699944872128064
0.7,0,0,0,0,0,225592,-10.448834930604978,0.005548359613660736
0.7,1,1,5,0,1,225264,-10.35077295959471,0.103610330623928
0.7,2,2,4,0,2,225570,-10.454383290218638,0.0
0.7,3,3,3,0,3,225280,-10.390928966515874,0.06345432370276427
0.7,4,4,2,0,4,225570,-10.454383290218322,3.161915174132446e-13
0.7,5,5,1,0,5,225264,-10.350772959594861,0.103610330623777
0.7,6,3,0,1,0,225280,-10.39092896651605,0.06345432370258841
0.7,7,4,5,1,1,225264,-10.350772959595314,0.10361033062332403
0.7,8,5,4,1,2,225264,-10.350772959595298,0.10361033062334002
0.7,9,0,3,1,3,225280,-10.3909289665161,0.06345432370253867
0.7,10,1,2,1,4,225264,-10.350772959595748,0.1036103306228906
0.7,11,2,1,1,5,225264,-10.350772959595089,0.10361033062354963
0.71,0,0,0,0,0,225592,-10.45541095131937,0.006746551499771769
0.71,1,1,5,0,1,225264,-10.362249831122261,0.0999076716968812
0.71,2,2,4,0,2,225570,-10.462157502818796,3.4638958368304884e-13
0.71,3,3,3,0,3,225280,-10.40035193905284,0.06180556376630264
0.71,4,4,2,0,4,225570,-10.462157502819142,0.0
0.71,5,5,1,0,5,225264,-10.362249831122583,0.09990767169655967
0.71,6,3,0,1,0,225280,-10.400351939053001,0.06180556376614099
0.71,7,4,5,1,1,225264,-10.36224983112276,0.09990767169638204
0.71,8,5,4,1,2,225264,-10.36224983112272,0.0999076716964229
0.71,9,0,3,1,3,225280,-10.400351939053063,0.06180556376607882
0.71,10,1,2,1,4,225264,-10.362249831123165,0.09990767169597703
0.71,11,2,1,1,5,225264,-10.362249831123094,0.09990767169604808
0.72,0,0,0,0,0,225592,-10.463762023725149,0.006956792882371943
0.72,1,1,5,0,1,225264,-10.374808525096809,0.0959102915107124
0.72,2,2,4,0,2,225570,-10.470718816607167,3.5349501104064984e-13
0.72,3,3,3,0,3,225280,-10.410647352219225,0.06007146438829558
0.72,4,4,2,0,4,225570,-10.470718816607521,0.0
0.72,5,5,1,0,5,225264,-10.374808525096304,0.09591029151121688
0.72,6,3,0,1,0,225280,-10.410647352218954,0.060071464388567364
0.72,7,4,5,1,1,225264,-10.37480852509656,0.09591029151096109
0.72,8,5,4,1,2,225264,-10.374808525096745,0.09591029151077635
0.72,9,0,3,1,3,225280,-10.410647352218955,0.06007146438856559
0.72,10,1,2,1,4,225264,-10.374808525097363,0.09591029151015817
0.72,11,2,1,1,5,225264,-10.374808525097023,0.09591029151049746
0.73,0,0,0,0,0,225592,-10.473841096104584,0.006229425599350691
0.73,1,1,5,0,1,225264,-10.388431995377443,0.09163852632649139
0.73,2,2,4,0,2,225570,-10.48007052170369,2.4513724383723456e-13
0.73,3,3,3,0,3,225280,-10.421817682590692,0.058252839113242416
0.73,4,4,2,0,4,225570,-10.480070521703935,0.0
0.73,5,5,1,0,5,225264,-10.388431995377644,0.09163852632629066
0.73,6,3,0,1,0,225280,-10.42181768259045,0.058252839113484
0.73,7,4,5,1,1,225264,-10.388431995377355,0.0916385263265802
0.73,8,5,4,1,2,225264,-10.388431995377747,0.09163852632618763
0.73,9,0,3,1,3,225280,-10.42181768259032,0.05825283911361545
0.73,10,1,2,1,4,225264,-10.388431995377202,0.09163852632673297
0.73,11,2,1,1,5,225264,-10.388431995377733,0.09163852632620184
0.74,0,0,0,0,0,225592,-10.485589390848135,0.004625843465612789
0.74,1,1,5,0,1,225264,-10.403101432102119,0.08711380221162912
0.74,2,2,4,0,2,225570,-10.490215234313666,8.171241461241152e-14
0.74,3,3,3,0,3,225280,-10.433866218879823,0.05634901543392523
0.74,4,4,2,0,4,225570,-10.490215234313748,0.0
0.74,5,5,1,0,5,225264,-10.403101432102057,0.0871138022116913
0.74,6,3,0,1,0,225280,-10.433866218879546,0.05634901543420234
0.74,7,4,5,1,1,225264,-10.403101432101948,0.08711380221179965
0.74,8,5,4,1,2,225264,-10.403101432102261,0.08711380221148701
0.74,9,0,3,1,3,225280,-10.433866218879155,0.05634901543459314
0.74,10,1,2,1,4,225264,-10.403101432102284,0.08711380221146392
0.74,11,2,1,1,5,225264,-10.403101432102222,0.08711380221152609
0.75,0,0,0,0,0,225592,-10.498938216961122,0.0022166629535895765
0.75,1,1,5,0,1,225264,-10.418796701282098,0.08235817863261374
0.75,2,2,4,0,2,225570,-10.501154879914711,0.0
0.75,3,3,3,0,3,225280,-10.446798092558504,0.05435678735620719
0.75,4,4,2,0,4,225570,-10.5011548799146,1.1191048088221578e-13
0.75,5,5,1,0,5,225264,-10.418796701282762,0.08235817863194939
0.75,6,3,0,1,0,225280,-10.446798092558884,0.05435678735582705
0.75,7,4,5,1,1,225264,-10.41879670128305,0.08235817863166162
0.75,8,5,4,1,2,225264,-10.418796701281794,0.0823581786329175
0.75,9,0,3,1,3,225280,-10.446798092558232,0.054356787356478975
0.75,10,1,2,1,4,225264,-10.418796701283354,0.08235817863135786
0.75,11,2,1,1,5,225264,-10.418796701282131,0.08235817863257999
0.76,0,0,0,0,0,225592,-10.513811404891573,0.0
0.76,1,1,5,0,1,225264,-10.435496780265268,0.07831462462630512
0.76,2,2,4,0,2,225570,-10.5128906796225,0.0009207252690739409
0.76,3,3,3,0,3,225280,-10.460622263212892,0.05318914167868094
0.76,4,4,2,0,4,225570,-10.512890679622329,0.0009207252692444712
0.76,5,5,1,0,5,225264,-10.435496780263266,0.07831462462830707
0.76,6,3,0,1,0,225280,-10.460622263213352,0.053189141678220864
0.76,7,4,5,1,1,225264,-10.435496780263385,0.07831462462818806
0.76,8,5,4,1,2,225264,-10.435496780264248,0.07831462462732475
0.76,9,0,3,1,3,225280,-10.460622263213036,0.053189141678537055
0.76,10,1,2,1,4,225264,-10.43549678026491,0.07831462462666394
0.76,11,2,1,1,5,225264,-10.435496780263565,0.07831462462800864
0.77,0,0,0,0,0,225592,-10.531030076245782,0.0
0.77,1,1,5,0,1,225264,-10.45318016378957,0.07784991245621242
0.77,2,2,4,0,2,225570,-10.525423139777597,0.005606936468184998
0.77,3,3,3,0,3,225280,-10.475355612445817,0.055674463799965324
0.77,4,4,2,0,4,225570,-10.5254231397779,0.005606936467883017
0.77,5,5,1,0,5,225264,-10.453180163789467,0.07784991245631545
0.77,6,3,0,1,0,225280,-10.47535561244624,0.05567446379954255
0.77,7,4,5,1,1,225264,-10.453180163788891,0.07784991245689099
0.77,8,5,4,1,2,225264,-10.453180163785847,0.07784991245993567
0.77,9,0,3,1,3,225280,-10.47535561244578,0.05567446380000263
0.77,10,1,2,1,4,225264,-10.453180163783987,0.07784991246179551
0.77,11,2,1,1,5,225264,-10.453180163788433,0.07784991245734929
0.78,0,0,0,0,0,225592,-10.557231129118456,0.0
0.78,1,1,5,0,1,225264,-10.471825234037448,0.08540589508100815
0.78,2,2,4,0,2,225570,-10.538752044798331,0.01847908432012524
0.78,3,3,3,0,3,225280,-10.49103211749194,0.06619901162651587
0.78,4,4,2,0,4,225570,-10.5387520447987,0.018479084319755756
0.78,5,5,1,0,5,225264,-10.471825234035734,0.08540589508272234
0.78,6,3,0,1,0,225280,-10.491032117492187,0.06619901162626896
0.78,7,4,5,1,1,225264,-10.471825234037405,0.08540589508105079
0.78,8,5,4,1,2,225264,-10.471825234035876,0.08540589508258023
0.78,9,0,3,1,3,225280,-10.491032117492198,0.0661990116262583
0.78,10,1,2,1,4,225264,-10.471825234034696,0.08540589508375973
0.78,11,2,1,1,5,225264,-10.471825234035897,0.08540589508255891
0.79,0,0,0,0,0,225592,-10.583841559426657,0.0
0.79,1,1,5,0,1,225264,-10.491410608602106,0.09243095082455177
0.79,2,2,4,0,2,225570,-10.552876453278955,0.030965106147702315
0.79,3,3,3,0,3,225280,-10.507725467353998,0.07611609207265957
0.79,4,4,2,0,4,225570,-10.552876453278492,0.030965106148165944
0.79,5,5,1,0,5,225264,-10.491410608603141,0.09243095082351616
0.79,6,3,0,1,0,225280,-10.507725467354318,0.07611609207233982
0.79,7,4,5,1,1,225264,-10.491410608601756,0.09243095082490171
0.79,8,5,4,1,2,225264,-10.491410608602369,0.09243095082428887
0.79,9,0,3,1,3,225280,-10.507725467353787,0.07611609207287096
0.79,10,1,2,1,4,225264,-10.491410608601464,0.09243095082519304
0.79,11,2,1,1,5,225264,-10.491410608601832,0.09243095082482533
0.8,0,0,0,0,0,225592,-10.610857800875234,0.0
0.8,1,1,5,0,1,225264,-10.51191549746691,0.09894230340832344
0.8,2,2,4,0,2,225570,-10.567794697362064,0.043063103513169665
0.8,3,3,3,0,3,225280,-10.52560978667281,0.08524801420242412
0.8,4,4,2,0,4,225570,-10.567794697362356,0.04306310351287834
0.8,5,5,1,0,5,225264,-10.511915497467394,0.09894230340784027
0.8,6,3,0,1,0,225280,-10.525609786672627,0.08524801420260708
0.8,7,4,5,1,1,225264,-10.511915497466703,0.09894230340853127
0.8,8,5,4,1,2,225264,-10.511915497466521,0.09894230340871246
0.8,9,0,3,1,3,225280,-10.52560978667302,0.0852480142022145
0.8,10,1,2,1,4,225264,-10.511915497465862,0.09894230340937149
0.8,11,2,1,1,5,225264,-10.511915497466767,0.09894230340846732
0.9,0,0,0,0,0,225592,-10.902543250083305,0.0
0.9,1,1,5,0,1,225264,-10.764436721027643,0.138106529055662
0.9,2,2,4,0,2,225570,-10.778967213072272,0.12357603701103237
0.9,3,3,3,0,3,225280,-10.797820582652458,0.10472266743084724
0.9,4,4,2,0,4,225570,-10.778967213071827,0.12357603701147823
0.9,5,5,1,0,5,225264,-10.764436721027161,0.1381065290561434
0.9,6,3,0,1,0,225280,-10.797820582652053,0.10472266743125225
0.9,7,4,5,1,1,225264,-10.764436721027446,0.13810652905585918
0.9,8,5,4,1,2,225264,-10.764436721027456,0.13810652905584853
0.9,9,0,3,1,3,225280,-10.797820582651775,0.10472266743152936
0.9,10,1,2,1,4,225264,-10.76443672102739,0.13810652905591425
0.9,11,2,1,1,5,225264,-10.764436721027447,0.1381065290558574
1.0,0,0,0,0,0,225592,-11.230821179629613,0.0
1.0,1,1,5,0,1,225264,-11.094994275466687,0.13582690416292564
1.0,2,2,4,0,2,225570,-11.059830332346332,0.1709908472832815
1.0,3,3,3,0,3,225280,-11.134880309609592,0.09594087002002105
1.0,4,4,2,0,4,225570,-11.059830332346781,0.1709908472828321
1.0,5,5,1,0,5,225264,-11.094994275467812,0.1358269041618012
1.0,6,3,0,1,0,225280,-11.134880309607215,0.09594087002239782
1.0,7,4,5,1,1,225264,-11.09499427546673,0.135826904162883
1.0,8,5,4,1,2,225264,-11.094994275467496,0.1358269041621174
1.0,9,0,3,1,3,225280,-11.134880309609384,0.09594087002022889
1.0,10,1,2,1,4,225264,-11.094994275466696,0.13582690416291676
1.0,11,2,1,1,5,225264,-11.094994275467927,0.13582690416168575
