j2p,D,chi,M2,M,xi,inv_xi,energy,gnorm,eimag,source,status,fit_candidate,fit_used,path
0.3,6,448,0.03311204934470781,0.181967165567604,1.784215008187232,0.5604705685196556,nan,6.432e-06,9.729e-13,current_sweep,base_clean,True,True,"/sofia/scratch/pilot/pilot_2026_0002/xz/TeneT.jl/data/J1J2p_Honeycomb_merge(S=0.5,J1=1.0,J2p=0.3,ifrotate=false,couplingtype=uniform)/[1;;]/VUMPS_General/Float64/sofia1gpu_J2p0p30-0p50_D5-D8_fromJ2p0p5_seed88_2026-06-13_143719/D6/observable/χ448.log"
0.3,6,480,0.031122028852579645,0.176414366910917,2.211415980002663,0.4521989571581172,nan,6.432e-06,9.729e-13,current_sweep,base_clean,True,True,"/sofia/scratch/pilot/pilot_2026_0002/xz/TeneT.jl/data/J1J2p_Honeycomb_merge(S=0.5,J1=1.0,J2p=0.3,ifrotate=false,couplingtype=uniform)/[1;;]/VUMPS_General/Float64/sofia1gpu_J2p0p30-0p50_D5-D8_fromJ2p0p5_seed88_2026-06-13_143719/D6/observable/χ480.log"
0.3,6,512,0.030916459140560498,0.175830768469459,2.325250237749809,0.43006123976046545,nan,6.432e-06,9.729e-13,current_sweep,base_clean,True,True,"/sofia/scratch/pilot/pilot_2026_0002/xz/TeneT.jl/data/J1J2p_Honeycomb_merge(S=0.5,J1=1.0,J2p=0.3,ifrotate=false,couplingtype=uniform)/[1;;]/VUMPS_General/Float64/sofia1gpu_J2p0p30-0p50_D5-D8_fromJ2p0p5_seed88_2026-06-13_143719/D6/observable/χ512.log"
0.3,7,512,0.03209475064872957,0.179150078561885,1.944959229506551,0.5141495949268339,nan,3.485e-05,1.048e-11,current_sweep,base_clean,True,True,"/sofia/scratch/pilot/pilot_2026_0002/xz/TeneT.jl/data/J1J2p_Honeycomb_merge(S=0.5,J1=1.0,J2p=0.3,ifrotate=false,couplingtype=uniform)/[1;;]/VUMPS_General/Float64/sofia1gpu_J2p0p30-0p50_D5-D8_fromJ2p0p5_seed88_2026-06-13_143719/D7/observable/χ512.log"
0.3,8,512,0.029493802798139804,0.171737598673499,2.51230615048464,0.39804066069220645,nan,1.602e-05,6.46e-12,current_sweep,base_clean,True,True,"/sofia/scratch/pilot/pilot_2026_0002/xz/TeneT.jl/data/J1J2p_Honeycomb_merge(S=0.5,J1=1.0,J2p=0.3,ifrotate=false,couplingtype=uniform)/[1;;]/VUMPS_General/Float64/sofia1gpu_J2p0p30-0p50_D5-D8_fromJ2p0p5_seed88_2026-06-13_143719/D8/observable/χ512.log"
0.32,6,448,0.028852558805517743,0.169860409764953,1.792892866295245,0.5577578107421198,nan,8.462e-06,1.726e-10,current_sweep,base_clean,True,True,"/sofia/scratch/pilot/pilot_2026_0002/xz/TeneT.jl/data/J1J2p_Honeycomb_merge(S=0.5,J1=1.0,J2p=0.32,ifrotate=false,couplingtype=uniform)/[1;;]/VUMPS_General/Float64/sofia1gpu_J2p0p30-0p50_D5-D8_fromJ2p0p5_seed88_2026-06-13_143719/D6/observable/χ448.log"
0.32,6,480,0.02753155132147388,0.16592634306063,2.126561029331166,0.47024279397921365,nan,8.462e-06,1.726e-10,current_sweep,base_clean,True,True,"/sofia/scratch/pilot/pilot_2026_0002/xz/TeneT.jl/data/J1J2p_Honeycomb_merge(S=0.5,J1=1.0,J2p=0.32,ifrotate=false,couplingtype=uniform)/[1;;]/VUMPS_General/Float64/sofia1gpu_J2p0p30-0p50_D5-D8_fromJ2p0p5_seed88_2026-06-13_143719/D6/observable/χ480.log"
0.32,6,512,0.027275695748225668,0.165153552030302,2.21394225375334,0.4516829643161109,nan,8.462e-06,1.726e-10,current_sweep,base_clean,True,True,"/sofia/scratch/pilot/pilot_2026_0002/xz/TeneT.jl/data/J1J2p_Honeycomb_merge(S=0.5,J1=1.0,J2p=0.32,ifrotate=false,couplingtype=uniform)/[1;;]/VUMPS_General/Float64/sofia1gpu_J2p0p30-0p50_D5-D8_fromJ2p0p5_seed88_2026-06-13_143719/D6/observable/χ512.log"
0.32,7,512,0.027454384738135218,0.165693647247368,1.990856198440881,0.5022964495291724,nan,2.596e-05,5.408e-11,current_sweep,base_clean,True,True,"/sofia/scratch/pilot/pilot_2026_0002/xz/TeneT.jl/data/J1J2p_Honeycomb_merge(S=0.5,J1=1.0,J2p=0.32,ifrotate=false,couplingtype=uniform)/[1;;]/VUMPS_General/Float64/sofia1gpu_J2p0p30-0p50_D5-D8_fromJ2p0p5_seed88_2026-06-13_143719/D7/observable/χ512.log"
0.32,8,512,0.02553458036856322,0.159795432877674,2.469856283528602,0.40488185756757195,nan,1.637e-05,1.717e-12,current_sweep,base_clean,True,True,"/sofia/scratch/pilot/pilot_2026_0002/xz/TeneT.jl/data/J1J2p_Honeycomb_merge(S=0.5,J1=1.0,J2p=0.32,ifrotate=false,couplingtype=uniform)/[1;;]/VUMPS_General/Float64/sofia1gpu_J2p0p30-0p50_D5-D8_fromJ2p0p5_seed88_2026-06-13_143719/D8/observable/χ512.log"
0.34,6,448,0.024495533491886382,0.156510490037845,1.794028368365609,0.5574047866985611,nan,5.45e-06,4.845e-14,current_sweep,base_clean,True,True,"/sofia/scratch/pilot/pilot_2026_0002/xz/TeneT.jl/data/J1J2p_Honeycomb_merge(S=0.5,J1=1.0,J2p=0.34,ifrotate=false,couplingtype=uniform)/[1;;]/VUMPS_General/Float64/sofia1gpu_J2p0p30-0p50_D5-D8_fromJ2p0p5_seed88_2026-06-13_143719/D6/observable/χ448.log"
0.34,6,480,0.023800383808112682,0.154273730129639,2.030582865907212,0.4924694366281013,nan,5.45e-06,4.845e-14,current_sweep,base_clean,True,True,"/sofia/scratch/pilot/pilot_2026_0002/xz/TeneT.jl/data/J1J2p_Honeycomb_merge(S=0.5,J1=1.0,J2p=0.34,ifrotate=false,couplingtype=uniform)/[1;;]/VUMPS_General/Float64/sofia1gpu_J2p0p30-0p50_D5-D8_fromJ2p0p5_seed88_2026-06-13_143719/D6/observable/χ480.log"
0.34,6,512,0.023710804305969866,0.153983129939516,2.092412085841151,0.47791733127846053,nan,5.45e-06,4.845e-14,current_sweep,base_clean,True,True,"/sofia/scratch/pilot/pilot_2026_0002/xz/TeneT.jl/data/J1J2p_Honeycomb_merge(S=0.5,J1=1.0,J2p=0.34,ifrotate=false,couplingtype=uniform)/[1;;]/VUMPS_General/Float64/sofia1gpu_J2p0p30-0p50_D5-D8_fromJ2p0p5_seed88_2026-06-13_143719/D6/observable/χ512.log"
0.34,7,512,0.023268450875769675,0.152539997626097,1.988037349501675,0.5030086583889694,nan,2.374e-05,2.223e-12,current_sweep,base_clean,True,True,"/sofia/scratch/pilot/pilot_2026_0002/xz/TeneT.jl/data/J1J2p_Honeycomb_merge(S=0.5,J1=1.0,J2p=0.34,ifrotate=false,couplingtype=uniform)/[1;;]/VUMPS_General/Float64/sofia1gpu_J2p0p30-0p50_D5-D8_fromJ2p0p5_seed88_2026-06-13_143719/D7/observable/χ512.log"
0.34,8,512,0.021480160093581405,0.146561113852145,2.409110641026261,0.415090939772699,nan,1.494e-05,2.232e-10,current_sweep,base_clean,True,True,"/sofia/scratch/pilot/pilot_2026_0002/xz/TeneT.jl/data/J1J2p_Honeycomb_merge(S=0.5,J1=1.0,J2p=0.34,ifrotate=false,couplingtype=uniform)/[1;;]/VUMPS_General/Float64/sofia1gpu_J2p0p30-0p50_D5-D8_fromJ2p0p5_seed88_2026-06-13_143719/D8/observable/χ512.log"
0.34,8,1024,0.021500942906752394,0.146631998236239,2.482968408110734,0.40274374685294123,-0.465703669894721,nan,nan,chi1024_new_missing_obs,OBS_CHI_1024.DONE,True,True,"/gpfs/projects/ehpc670/data/J1J2p_Honeycomb_merge(S=0.5,J1=1.0,J2p=0.34,ifrotate=false,couplingtype=uniform)/[1;;]/VUMPS_General/Float64/bsc4gpu_J2pD8_slice2D2x2_chi768-1024_seed88_from512_latest_2026-06-28_1055/D8/observable/χ1024.log"
0.36,6,448,0.02064282596649257,0.143676114808595,1.76595338347352,0.5662663631771879,nan,2.34e-06,6.576e-11,current_sweep,base_clean,True,True,"/sofia/scratch/pilot/pilot_2026_0002/xz/TeneT.jl/data/J1J2p_Honeycomb_merge(S=0.5,J1=1.0,J2p=0.36,ifrotate=false,couplingtype=uniform)/[1;;]/VUMPS_General/Float64/sofia1gpu_J2p0p30-0p50_D5-D8_fromJ2p0p5_seed88_2026-06-13_143719/D6/observable/χ448.log"
0.36,6,480,0.020089060753858527,0.141735883790445,1.930434983676328,0.5180179640629989,nan,2.34e-06,6.576e-11,current_sweep,base_clean,True,True,"/sofia/scratch/pilot/pilot_2026_0002/xz/TeneT.jl/data/J1J2p_Honeycomb_merge(S=0.5,J1=1.0,J2p=0.36,ifrotate=false,couplingtype=uniform)/[1;;]/VUMPS_General/Float64/sofia1gpu_J2p0p30-0p50_D5-D8_fromJ2p0p5_seed88_2026-06-13_143719/D6/observable/χ480.log"
0.36,6,512,0.02005522606297933,0.141616475252632,1.972380698303464,0.5070015138863133,nan,2.34e-06,6.576e-11,current_sweep,base_clean,True,True,"/sofia/scratch/pilot/pilot_2026_0002/xz/TeneT.jl/data/J1J2p_Honeycomb_merge(S=0.5,J1=1.0,J2p=0.36,ifrotate=false,couplingtype=uniform)/[1;;]/VUMPS_General/Float64/sofia1gpu_J2p0p30-0p50_D5-D8_fromJ2p0p5_seed88_2026-06-13_143719/D6/observable/χ512.log"
0.36,7,512,0.018783277207716904,0.137052096692159,1.980990703340663,0.5047979267715089,nan,2.261e-05,9.989e-14,current_sweep,base_clean,True,True,"/sofia/scratch/pilot/pilot_2026_0002/xz/TeneT.jl/data/J1J2p_Honeycomb_merge(S=0.5,J1=1.0,J2p=0.36,ifrotate=false,couplingtype=uniform)/[1;;]/VUMPS_General/Float64/sofia1gpu_J2p0p30-0p50_D5-D8_fromJ2p0p5_seed88_2026-06-13_143719/D7/observable/χ512.log"
0.36,8,512,0.017718456239582334,0.133110691680204,2.29252344501221,0.43620055540791824,nan,1.002e-05,1.97e-13,current_sweep,base_clean,True,True,"/sofia/scratch/pilot/pilot_2026_0002/xz/TeneT.jl/data/J1J2p_Honeycomb_merge(S=0.5,J1=1.0,J2p=0.36,ifrotate=false,couplingtype=uniform)/[1;;]/VUMPS_General/Float64/sofia1gpu_J2p0p30-0p50_D5-D8_fromJ2p0p5_seed88_2026-06-13_143719/D8/observable/χ512.log"
0.36,8,1024,0.017730957454294493,0.133157641366519,2.3533939788928,0.42491822829871834,-0.462067359718135,nan,nan,chi1024_new_missing_obs,OBS_CHI_1024.DONE,True,True,"/gpfs/projects/ehpc670/data/J1J2p_Honeycomb_merge(S=0.5,J1=1.0,J2p=0.36,ifrotate=false,couplingtype=uniform)/[1;;]/VUMPS_General/Float64/bsc4gpu_J2pD8_slice2D2x2_chi1024_from768No2_latestTeneT_seed88_2026-07-03_1051/D8/observable/χ1024.log"
0.38,6,448,0.01691168393381833,0.130044930442591,1.722846116063458,0.5804348924005507,nan,1.837e-06,1.459e-10,current_sweep,base_clean,True,True,"/sofia/scratch/pilot/pilot_2026_0002/xz/TeneT.jl/data/J1J2p_Honeycomb_merge(S=0.5,J1=1.0,J2p=0.38,ifrotate=false,couplingtype=uniform)/[1;;]/VUMPS_General/Float64/sofia1gpu_J2p0p30-0p50_D5-D8_fromJ2p0p5_seed88_2026-06-13_143719/D6/observable/χ448.log"
0.38,6,480,0.01649793950711856,0.128444305078577,1.845331978914895,0.5419079121947624,nan,1.837e-06,1.459e-10,current_sweep,base_clean,True,True,"/sofia/scratch/pilot/pilot_2026_0002/xz/TeneT.jl/data/J1J2p_Honeycomb_merge(S=0.5,J1=1.0,J2p=0.38,ifrotate=false,couplingtype=uniform)/[1;;]/VUMPS_General/Float64/sofia1gpu_J2p0p30-0p50_D5-D8_fromJ2p0p5_seed88_2026-06-13_143719/D6/observable/χ480.log"
0.38,6,512,0.016519539955514743,0.128528362455587,1.85192724013273,0.5399780176721892,nan,1.837e-06,1.459e-10,current_sweep,base_clean,True,True,"/sofia/scratch/pilot/pilot_2026_0002/xz/TeneT.jl/data/J1J2p_Honeycomb_merge(S=0.5,J1=1.0,J2p=0.38,ifrotate=false,couplingtype=uniform)/[1;;]/VUMPS_General/Float64/sofia1gpu_J2p0p30-0p50_D5-D8_fromJ2p0p5_seed88_2026-06-13_143719/D6/observable/χ512.log"
0.38,7,512,0.015308617287348761,0.123727997184747,1.948525576968374,0.5132085571880747,nan,1.305e-05,1.111e-14,current_sweep,base_clean,True,True,"/sofia/scratch/pilot/pilot_2026_0002/xz/TeneT.jl/data/J1J2p_Honeycomb_merge(S=0.5,J1=1.0,J2p=0.38,ifrotate=false,couplingtype=uniform)/[1;;]/VUMPS_General/Float64/sofia1gpu_J2p0p30-0p50_D5-D8_fromJ2p0p5_seed88_2026-06-13_143719/D7/observable/χ512.log"
0.38,8,512,0.014024387102138111,0.118424605138198,2.208212881394593,0.452854889320477,nan,2.46e-05,1.23e-09,current_sweep,base_clean,True,True,"/sofia/scratch/pilot/pilot_2026_0002/xz/TeneT.jl/data/J1J2p_Honeycomb_merge(S=0.5,J1=1.0,J2p=0.38,ifrotate=false,couplingtype=uniform)/[1;;]/VUMPS_General/Float64/sofia1gpu_J2p0p30-0p50_D5-D8_fromJ2p0p5_seed88_2026-06-13_143719/D8/observable/χ512.log"
0.38,8,1024,0.014373526280693452,0.119889642090939,2.365510119985777,0.42274179744621543,-0.458512540828719,nan,nan,chi1024_existing_obs_localminimal,LOCAL_MINIMAL_SUSPECT_CHI_1024.FAIL,False,False,"/gpfs/projects/ehpc670/data/J1J2p_Honeycomb_merge(S=0.5,J1=1.0,J2p=0.38,ifrotate=false,couplingtype=uniform)/[1;;]/VUMPS_General/Float64/bsc4gpu_J2pD8_slice2D2x2_chi1024_from768No2_latestTeneT_seed88_2026-07-03_1051/D8/observable/χ1024.log"
0.4,6,448,0.013283760519999858,0.115255197366539,1.687561030157,0.5925711616527233,nan,1.696e-06,3.518e-13,current_sweep,base_clean,True,True,"/sofia/scratch/pilot/pilot_2026_0002/xz/TeneT.jl/data/J1J2p_Honeycomb_merge(S=0.5,J1=1.0,J2p=0.4,ifrotate=false,couplingtype=uniform)/[1;;]/VUMPS_General/Float64/sofia1gpu_J2p0p30-0p50_D5-D8_fromJ2p0p5_seed88_2026-06-13_143719/D6/observable/χ448.log"
0.4,6,480,0.013086162270178009,0.114394765047086,1.754735737459367,0.5698863815516017,nan,1.696e-06,3.518e-13,current_sweep,base_clean,True,True,"/sofia/scratch/pilot/pilot_2026_0002/xz/TeneT.jl/data/J1J2p_Honeycomb_merge(S=0.5,J1=1.0,J2p=0.4,ifrotate=false,couplingtype=uniform)/[1;;]/VUMPS_General/Float64/sofia1gpu_J2p0p30-0p50_D5-D8_fromJ2p0p5_seed88_2026-06-13_143719/D6/observable/χ480.log"
0.4,6,512,0.013092874893415204,0.114424101016417,1.758484225885004,0.5686715782148819,nan,1.696e-06,3.518e-13,current_sweep,base_clean,True,True,"/sofia/scratch/pilot/pilot_2026_0002/xz/TeneT.jl/data/J1J2p_Honeycomb_merge(S=0.5,J1=1.0,J2p=0.4,ifrotate=false,couplingtype=uniform)/[1;;]/VUMPS_General/Float64/sofia1gpu_J2p0p30-0p50_D5-D8_fromJ2p0p5_seed88_2026-06-13_143719/D6/observable/χ512.log"
0.4,7,512,0.011486781011880089,0.107176401375863,1.943218575711083,0.5146101485953887,nan,6.918e-06,2.808e-10,current_sweep,base_clean,True,True,"/sofia/scratch/pilot/pilot_2026_0002/xz/TeneT.jl/data/J1J2p_Honeycomb_merge(S=0.5,J1=1.0,J2p=0.4,ifrotate=false,couplingtype=uniform)/[1;;]/VUMPS_General/Float64/sofia1gpu_J2p0p30-0p50_D5-D8_fromJ2p0p5_seed88_2026-06-13_143719/D7/observable/χ512.log"
0.4,8,512,0.011060401567506241,0.105168443781898,2.030178512323088,0.49256752247649505,nan,2.428e-05,1.967e-12,current_sweep,base_clean,True,True,"/sofia/scratch/pilot/pilot_2026_0002/xz/TeneT.jl/data/J1J2p_Honeycomb_merge(S=0.5,J1=1.0,J2p=0.4,ifrotate=false,couplingtype=uniform)/[1;;]/VUMPS_General/Float64/sofia1gpu_J2p0p30-0p50_D5-D8_fromJ2p0p5_seed88_2026-06-13_143719/D8/observable/χ512.log"
0.42,6,448,0.010132608030080497,0.100660856493875,1.631657311525069,0.6128737896962722,nan,4.13e-06,6.577e-13,current_sweep,base_clean,True,True,"/sofia/scratch/pilot/pilot_2026_0002/xz/TeneT.jl/data/J1J2p_Honeycomb_merge(S=0.5,J1=1.0,J2p=0.42,ifrotate=false,couplingtype=uniform)/[1;;]/VUMPS_General/Float64/sofia1gpu_J2p0p30-0p50_D5-D8_fromJ2p0p5_seed88_2026-06-13_143719/D6/observable/χ448.log"
0.42,6,480,0.009991066192574668,0.0999553209818,1.671907958937741,0.5981190499477957,nan,4.13e-06,6.577e-13,current_sweep,base_clean,True,True,"/sofia/scratch/pilot/pilot_2026_0002/xz/TeneT.jl/data/J1J2p_Honeycomb_merge(S=0.5,J1=1.0,J2p=0.42,ifrotate=false,couplingtype=uniform)/[1;;]/VUMPS_General/Float64/sofia1gpu_J2p0p30-0p50_D5-D8_fromJ2p0p5_seed88_2026-06-13_143719/D6/observable/χ480.log"
0.42,6,512,0.01002290485813363,0.100114458786599,1.674470006180987,0.5972038891760919,nan,4.13e-06,6.577e-13,current_sweep,base_clean,True,True,"/sofia/scratch/pilot/pilot_2026_0002/xz/TeneT.jl/data/J1J2p_Honeycomb_merge(S=0.5,J1=1.0,J2p=0.42,ifrotate=false,couplingtype=uniform)/[1;;]/VUMPS_General/Float64/sofia1gpu_J2p0p30-0p50_D5-D8_fromJ2p0p5_seed88_2026-06-13_143719/D6/observable/χ512.log"
0.42,7,512,0.008408719090909482,0.091699068102732,1.881047551507288,0.5316186713082811,nan,8.272e-06,1.615e-09,current_sweep,base_clean,True,True,"/sofia/scratch/pilot/pilot_2026_0002/xz/TeneT.jl/data/J1J2p_Honeycomb_merge(S=0.5,J1=1.0,J2p=0.42,ifrotate=false,couplingtype=uniform)/[1;;]/VUMPS_General/Float64/sofia1gpu_J2p0p30-0p50_D5-D8_fromJ2p0p5_seed88_2026-06-13_143719/D7/observable/χ512.log"
0.42,8,512,0.007941747178690476,0.08911648095998,1.967316701403638,0.5083065676647393,nan,3.055e-05,1.045e-12,current_sweep,base_clean,True,True,"/sofia/scratch/pilot/pilot_2026_0002/xz/TeneT.jl/data/J1J2p_Honeycomb_merge(S=0.5,J1=1.0,J2p=0.42,ifrotate=false,couplingtype=uniform)/[1;;]/VUMPS_General/Float64/sofia1gpu_J2p0p30-0p50_D5-D8_fromJ2p0p5_seed88_2026-06-13_143719/D8/observable/χ512.log"
0.42,8,1024,0.007909904449409845,0.088937643601626,2.010830708788653,0.49730690685662504,-0.452251646568687,nan,nan,chi1024_existing_obs_localminimal,LOCAL_MINIMAL_SUSPECT_CHI_1024.FAIL,False,False,"/gpfs/projects/ehpc670/data/J1J2p_Honeycomb_merge(S=0.5,J1=1.0,J2p=0.42,ifrotate=false,couplingtype=uniform)/[1;;]/VUMPS_General/Float64/bsc4gpu_J2pD8_slice2D2x2_chi768-1024_seed88_from512_latest_2026-06-28_1055/D8/observable/χ1024.log"
0.44,6,448,0.007410345874169906,0.086083365838993,1.557413765032698,0.642090125599349,nan,1.889e-06,2.381e-10,current_sweep,base_clean,True,True,"/sofia/scratch/pilot/pilot_2026_0002/xz/TeneT.jl/data/J1J2p_Honeycomb_merge(S=0.5,J1=1.0,J2p=0.44,ifrotate=false,couplingtype=uniform)/[1;;]/VUMPS_General/Float64/sofia1gpu_J2p0p30-0p50_D5-D8_fromJ2p0p5_seed88_2026-06-13_143719/D6/observable/χ448.log"
0.44,6,480,0.007356936671883451,0.085772586948765,1.589742423987734,0.6290327193329752,nan,1.889e-06,2.381e-10,current_sweep,base_clean,True,True,"/sofia/scratch/pilot/pilot_2026_0002/xz/TeneT.jl/data/J1J2p_Honeycomb_merge(S=0.5,J1=1.0,J2p=0.44,ifrotate=false,couplingtype=uniform)/[1;;]/VUMPS_General/Float64/sofia1gpu_J2p0p30-0p50_D5-D8_fromJ2p0p5_seed88_2026-06-13_143719/D6/observable/χ480.log"
0.44,6,512,0.0073563138875911,0.085768956432914,1.584880407819128,0.630962434178897,nan,1.889e-06,2.381e-10,current_sweep,base_clean,True,True,"/sofia/scratch/pilot/pilot_2026_0002/xz/TeneT.jl/data/J1J2p_Honeycomb_merge(S=0.5,J1=1.0,J2p=0.44,ifrotate=false,couplingtype=uniform)/[1;;]/VUMPS_General/Float64/sofia1gpu_J2p0p30-0p50_D5-D8_fromJ2p0p5_seed88_2026-06-13_143719/D6/observable/χ512.log"
0.44,7,512,0.005901010653833674,0.076818035993077,1.803882646907405,0.5543597870484592,nan,2.212e-05,2.092e-12,current_sweep,base_clean,True,True,"/sofia/scratch/pilot/pilot_2026_0002/xz/TeneT.jl/data/J1J2p_Honeycomb_merge(S=0.5,J1=1.0,J2p=0.44,ifrotate=false,couplingtype=uniform)/[1;;]/VUMPS_General/Float64/sofia1gpu_J2p0p30-0p50_D5-D8_fromJ2p0p5_seed88_2026-06-13_143719/D7/observable/χ512.log"
0.44,8,1024,0.005512077878157432,0.074243369253809,1.862394301938968,0.5369432235477118,-0.449376843462997,nan,nan,chi1024_new_missing_obs_original,OBS_CHI_1024.DONE; duplicate_not_fit,True,False,"/gpfs/projects/ehpc670/data/J1J2p_Honeycomb_merge(S=0.5,J1=1.0,J2p=0.44,ifrotate=false,couplingtype=uniform)/[1;;]/VUMPS_General/Float64/bsc4gpu_J2pD8_slice2D2x2_chi768-1024_seed88_from512_latest_2026-06-28_1055/D8/observable/χ1024.log"
0.44,8,1024,0.005611751277197173,0.074911623111485,1.857597880789064,0.53832964084521,-0.449377076375829,nan,nan,chi1024_new_missing_obs_retry,OBS_CHI_1024.DONE,True,True,"/gpfs/projects/ehpc670/data/J1J2p_Honeycomb_merge(S=0.5,J1=1.0,J2p=0.44,ifrotate=false,couplingtype=uniform)/[1;;]/VUMPS_General/Float64/bsc4gpu_J2pD8_slice2D2x2_chi1024_retry_tol1e8_fromNo2_seed88_2026-07-01_2125/D8/observable/χ1024.log"
0.46,6,448,0.005303630470651858,0.072826028799131,1.468716957001781,0.6808663815262176,nan,3.47e-06,1.038e-10,current_sweep,base_clean,True,True,"/sofia/scratch/pilot/pilot_2026_0002/xz/TeneT.jl/data/J1J2p_Honeycomb_merge(S=0.5,J1=1.0,J2p=0.46,ifrotate=false,couplingtype=uniform)/[1;;]/VUMPS_General/Float64/sofia1gpu_J2p0p30-0p50_D5-D8_fromJ2p0p5_seed88_2026-06-13_143719/D6/observable/χ448.log"
0.46,6,480,0.005279084040207503,0.072657305484084,1.489084925873802,0.6715533698745861,nan,3.47e-06,1.038e-10,current_sweep,base_clean,True,True,"/sofia/scratch/pilot/pilot_2026_0002/xz/TeneT.jl/data/J1J2p_Honeycomb_merge(S=0.5,J1=1.0,J2p=0.46,ifrotate=false,couplingtype=uniform)/[1;;]/VUMPS_General/Float64/sofia1gpu_J2p0p30-0p50_D5-D8_fromJ2p0p5_seed88_2026-06-13_143719/D6/observable/χ480.log"
0.46,6,512,0.005267745408879771,0.072579235383681,1.491075401447689,0.6706568957070161,nan,3.47e-06,1.038e-10,current_sweep,base_clean,True,True,"/sofia/scratch/pilot/pilot_2026_0002/xz/TeneT.jl/data/J1J2p_Honeycomb_merge(S=0.5,J1=1.0,J2p=0.46,ifrotate=false,couplingtype=uniform)/[1;;]/VUMPS_General/Float64/sofia1gpu_J2p0p30-0p50_D5-D8_fromJ2p0p5_seed88_2026-06-13_143719/D6/observable/χ512.log"
0.46,7,512,0.00393855544813378,0.062757911438589,1.719129977286892,0.5816895832263868,nan,2.01e-05,6.613e-14,current_sweep,base_clean,True,True,"/sofia/scratch/pilot/pilot_2026_0002/xz/TeneT.jl/data/J1J2p_Honeycomb_merge(S=0.5,J1=1.0,J2p=0.46,ifrotate=false,couplingtype=uniform)/[1;;]/VUMPS_General/Float64/sofia1gpu_J2p0p30-0p50_D5-D8_fromJ2p0p5_seed88_2026-06-13_143719/D7/observable/χ512.log"
0.46,8,512,0.0035863358791742013,0.059886024072184,1.792150440581094,0.5579888704408967,nan,4.686e-05,1.202e-09,current_sweep,base_clean,True,True,"/sofia/scratch/pilot/pilot_2026_0002/xz/TeneT.jl/data/J1J2p_Honeycomb_merge(S=0.5,J1=1.0,J2p=0.46,ifrotate=false,couplingtype=uniform)/[1;;]/VUMPS_General/Float64/sofia1gpu_J2p0p30-0p50_D5-D8_fromJ2p0p5_seed88_2026-06-13_143719/D8/observable/χ512.log"
0.48,6,448,0.003762405989694099,0.061338454412335,1.444416420205939,0.6923211243039068,nan,2.26e-06,1.336e-14,current_sweep,base_clean,True,True,"/sofia/scratch/pilot/pilot_2026_0002/xz/TeneT.jl/data/J1J2p_Honeycomb_merge(S=0.5,J1=1.0,J2p=0.48,ifrotate=false,couplingtype=uniform)/[1;;]/VUMPS_General/Float64/sofia1gpu_J2p0p30-0p50_D5-D8_fromJ2p0p5_seed88_2026-06-13_143719/D6/observable/χ448.log"
0.48,6,480,0.003748976274148243,0.061228884312457,1.459651227424514,0.685095166031171,nan,2.26e-06,1.336e-14,current_sweep,base_clean,True,True,"/sofia/scratch/pilot/pilot_2026_0002/xz/TeneT.jl/data/J1J2p_Honeycomb_merge(S=0.5,J1=1.0,J2p=0.48,ifrotate=false,couplingtype=uniform)/[1;;]/VUMPS_General/Float64/sofia1gpu_J2p0p30-0p50_D5-D8_fromJ2p0p5_seed88_2026-06-13_143719/D6/observable/χ480.log"
0.48,6,512,0.003711641917542096,0.060923246117899,1.469086896412531,0.6806949285586659,nan,2.26e-06,1.336e-14,current_sweep,base_clean,True,True,"/sofia/scratch/pilot/pilot_2026_0002/xz/TeneT.jl/data/J1J2p_Honeycomb_merge(S=0.5,J1=1.0,J2p=0.48,ifrotate=false,couplingtype=uniform)/[1;;]/VUMPS_General/Float64/sofia1gpu_J2p0p30-0p50_D5-D8_fromJ2p0p5_seed88_2026-06-13_143719/D6/observable/χ512.log"
0.48,7,512,0.002629409278839863,0.051277765930663,1.80433234174946,0.554221623623069,nan,1.325e-05,1.341e-10,current_sweep,base_clean,True,True,"/sofia/scratch/pilot/pilot_2026_0002/xz/TeneT.jl/data/J1J2p_Honeycomb_merge(S=0.5,J1=1.0,J2p=0.48,ifrotate=false,couplingtype=uniform)/[1;;]/VUMPS_General/Float64/sofia1gpu_J2p0p30-0p50_D5-D8_fromJ2p0p5_seed88_2026-06-13_143719/D7/observable/χ512.log"
0.5,6,160,0.0050912910557043365,0.071353283426233,1.113150593472943,0.8983510459982579,nan,7.468e-06,nan,base_2026-06-11,base_clean;low_chi_excluded_for_fig2,True,False,"/sofia/scratch/pilot/pilot_2026_0002/xz/TeneT.jl/data/J1J2p_Honeycomb_merge(S=0.5,J1=1.0,J2p=0.5,ifrotate=false,couplingtype=uniform)/[1;;]/VUMPS_General/Float64/sofia1gpu_D4-D8_J2p0.5_seed88_2026-06-11_190000/D6/observable/χ160.log"
0.5,6,192,0.005039530895395287,0.070989653439042,1.126705249646374,0.8875435703471324,nan,7.468e-06,nan,base_2026-06-11,base_clean;low_chi_excluded_for_fig2,True,False,"/sofia/scratch/pilot/pilot_2026_0002/xz/TeneT.jl/data/J1J2p_Honeycomb_merge(S=0.5,J1=1.0,J2p=0.5,ifrotate=false,couplingtype=uniform)/[1;;]/VUMPS_General/Float64/sofia1gpu_D4-D8_J2p0.5_seed88_2026-06-11_190000/D6/observable/χ192.log"
0.5,6,224,0.005073836576081067,0.071230868140723,1.130646745402734,0.8844495454181863,nan,7.468e-06,nan,base_2026-06-11,base_clean;low_chi_excluded_for_fig2,True,False,"/sofia/scratch/pilot/pilot_2026_0002/xz/TeneT.jl/data/J1J2p_Honeycomb_merge(S=0.5,J1=1.0,J2p=0.5,ifrotate=false,couplingtype=uniform)/[1;;]/VUMPS_General/Float64/sofia1gpu_D4-D8_J2p0.5_seed88_2026-06-11_190000/D6/observable/χ224.log"
0.5,6,256,0.004993446392649694,0.070664321921672,1.139572788783441,0.877521830849925,nan,7.468e-06,nan,base_2026-06-11,base_clean;low_chi_excluded_for_fig2,True,False,"/sofia/scratch/pilot/pilot_2026_0002/xz/TeneT.jl/data/J1J2p_Honeycomb_merge(S=0.5,J1=1.0,J2p=0.5,ifrotate=false,couplingtype=uniform)/[1;;]/VUMPS_General/Float64/sofia1gpu_D4-D8_J2p0.5_seed88_2026-06-11_190000/D6/observable/χ256.log"
0.5,6,288,0.004992293529133648,0.070656164126944,1.14317423821649,0.8747572912071028,nan,7.468e-06,nan,base_2026-06-11,base_clean;low_chi_excluded_for_fig2,True,False,"/sofia/scratch/pilot/pilot_2026_0002/xz/TeneT.jl/data/J1J2p_Honeycomb_merge(S=0.5,J1=1.0,J2p=0.5,ifrotate=false,couplingtype=uniform)/[1;;]/VUMPS_General/Float64/sofia1gpu_D4-D8_J2p0.5_seed88_2026-06-11_190000/D6/observable/χ288.log"
0.5,6,320,0.00499278562378216,0.070659646360438,1.146506533918401,0.8722148286258016,nan,7.468e-06,nan,base_2026-06-11,base_clean;low_chi_excluded_for_fig2,True,False,"/sofia/scratch/pilot/pilot_2026_0002/xz/TeneT.jl/data/J1J2p_Honeycomb_merge(S=0.5,J1=1.0,J2p=0.5,ifrotate=false,couplingtype=uniform)/[1;;]/VUMPS_General/Float64/sofia1gpu_D4-D8_J2p0.5_seed88_2026-06-11_190000/D6/observable/χ320.log"
0.5,6,352,0.0034969333680274378,0.059134874380753,1.296977184747815,0.7710235860428343,nan,7.468e-06,nan,base_2026-06-11,base_clean;low_chi_excluded_for_fig2,True,False,"/sofia/scratch/pilot/pilot_2026_0002/xz/TeneT.jl/data/J1J2p_Honeycomb_merge(S=0.5,J1=1.0,J2p=0.5,ifrotate=false,couplingtype=uniform)/[1;;]/VUMPS_General/Float64/sofia1gpu_D4-D8_J2p0.5_seed88_2026-06-11_190000/D6/observable/χ352.log"
0.5,6,384,0.003429016941819377,0.058557808546934,1.308092177180059,0.7644721201190624,nan,7.468e-06,nan,base_2026-06-11,base_clean;low_chi_excluded_for_fig2,True,False,"/sofia/scratch/pilot/pilot_2026_0002/xz/TeneT.jl/data/J1J2p_Honeycomb_merge(S=0.5,J1=1.0,J2p=0.5,ifrotate=false,couplingtype=uniform)/[1;;]/VUMPS_General/Float64/sofia1gpu_D4-D8_J2p0.5_seed88_2026-06-11_190000/D6/observable/χ384.log"
0.5,6,416,0.002716124695903281,0.052116453216842,1.45614775350542,0.6867434967314792,nan,7.468e-06,nan,base_2026-06-11,base_clean;low_chi_excluded_for_fig2,True,False,"/sofia/scratch/pilot/pilot_2026_0002/xz/TeneT.jl/data/J1J2p_Honeycomb_merge(S=0.5,J1=1.0,J2p=0.5,ifrotate=false,couplingtype=uniform)/[1;;]/VUMPS_General/Float64/sofia1gpu_D4-D8_J2p0.5_seed88_2026-06-11_190000/D6/observable/χ416.log"
0.5,6,448,0.0027116950054478623,0.052073937871529,1.487630946054247,0.6722097322944065,-0.441940502180603,7.468e-06,nan,base_2026-06-11,base_clean,True,True,"/sofia/scratch/pilot/pilot_2026_0002/xz/TeneT.jl/data/J1J2p_Honeycomb_merge(S=0.5,J1=1.0,J2p=0.5,ifrotate=false,couplingtype=uniform)/[1;;]/VUMPS_General/Float64/sofia1gpu_D4-D8_J2p0.5_seed88_2026-06-11_190000/D6/observable/χ448.log"
0.5,7,512,0.001778147360766248,0.042168084622926,1.880465256116631,0.5317832896658302,-0.442151376868548,1.643e-05,nan,current_fill_2026-06-13,base_clean;energy_fit_point,True,True,"/sofia/scratch/pilot/pilot_2026_0002/xz/TeneT.jl/data/J1J2p_Honeycomb_merge(S=0.5,J1=1.0,J2p=0.5,ifrotate=false,couplingtype=uniform)/[1;;]/VUMPS_General/Float64/sofia1gpu_J2p0p30-0p50_D5-D8_fromJ2p0p5_seed88_2026-06-13_143719/D7/observable/χ512.log"
0.5,8,512,0.0015414164692753955,0.03926087708235,1.97465338835522,0.506417990062016,-0.442202730125689,4.691e-05,nan,fixEimag_2026-06-12,base_clean;superseded_by_chi1024_measurement,True,True,"/sofia/scratch/pilot/pilot_2026_0002/xz/TeneT.jl/data/J1J2p_Honeycomb_merge(S=0.5,J1=1.0,J2p=0.5,ifrotate=false,couplingtype=uniform)/[1;;]/VUMPS_General/Float64/sofia1gpu_D6chi448_to_D7-D8_J2p0.5_seed88_fixEimag_2026-06-12_124930/D8/observable/χ512.log"
0.3,10,512,0.028941453712284158,0.170121878993515,2.69187205738959,0.371488680992416,-0.473425473353952,nan,nan,d10_v24_chi_ladder,d10_ladder,True,True,/e/project1/e-dev-2026d01-011/zhang78/research/Honeycomb_J1J2/data/TeneT.c/J1J2p_Honeycomb_merge_D10_SU_min_norm/2026-08-18_115634_dual_BSC_Jupiter_J2p030-050_D10_chi512_768_1024_envgate_v23/J2p0p30/chi512/opt_prod2_iter40/D10/observable/χ512.log
0.3,10,768,0.02897735327132677,0.170227357587806,2.73009138096793,0.3662881055818208,-0.473426393030402,nan,nan,d10_v24_chi_ladder,d10_ladder,True,True,/e/project1/e-dev-2026d01-011/zhang78/research/Honeycomb_J1J2/data/TeneT.c/J1J2p_Honeycomb_merge_D10_SU_min_norm/2026-08-18_115634_dual_BSC_Jupiter_J2p030-050_D10_chi512_768_1024_envgate_v23/J2p0p30/chi768_from_iter38/opt_iter10/D10/observable/χ768.log
0.3,10,1024,0.029006401804310862,0.17031265896671,2.74148390509051,0.36476595691229674,-0.473427361122111,nan,nan,d10_v24_chi_ladder,d10_ladder,True,True,/e/project1/e-dev-2026d01-011/zhang78/research/Honeycomb_J1J2/data/TeneT.c/J1J2p_Honeycomb_merge_D10_SU_min_norm/2026-08-18_115634_dual_BSC_Jupiter_J2p030-050_D10_chi512_768_1024_envgate_v23/J2p0p30/chi1024/obs_iter10/D10/observable/χ1024.log
0.32,10,768,0.024952129692596473,0.157962431269579,2.62985603762533,0.3802489511566442,-0.469491613242997,nan,nan,d10_v24_chi_ladder,d10_ladder,True,True,/e/project1/e-dev-2026d01-011/zhang78/research/Honeycomb_J1J2/data/TeneT.c/J1J2p_Honeycomb_merge_D10_SU_min_norm/2026-08-18_115634_dual_BSC_Jupiter_J2p030-050_D10_chi512_768_1024_envgate_v23/J2p0p32/chi768/opt_prod1_obs_retry1/D10/observable/χ768.log
0.34,10,768,0.02125162054594783,0.145779355691908,2.54107616055709,0.39353405282459775,-0.465702842999761,nan,nan,d10_v24_chi_ladder,d10_ladder,True,True,/e/project1/e-dev-2026d01-011/zhang78/research/Honeycomb_J1J2/data/TeneT.c/J1J2p_Honeycomb_merge_D10_SU_min_norm/2026-08-18_115634_dual_BSC_Jupiter_J2p030-050_D10_chi512_768_1024_envgate_v23/J2p0p34/chi768/opt_prod1/D10/observable/χ768.log
0.36,10,768,0.017611947888814438,0.132710014274788,2.38948756025711,0.418499772349683,-0.462069317656486,nan,nan,d10_v24_chi_ladder,d10_ladder,True,True,/e/project1/e-dev-2026d01-011/zhang78/research/Honeycomb_J1J2/data/TeneT.c/J1J2p_Honeycomb_merge_D10_SU_min_norm/2026-08-18_115634_dual_BSC_Jupiter_J2p030-050_D10_chi512_768_1024_envgate_v23/J2p0p36/chi768_rebuild/opt_iter10/D10/observable/χ768.log
0.36,10,768,0.017745297757148577,0.133211477572875,2.37483661865224,0.4210815986859412,-0.462068676862189,nan,nan,d10_v24_chi_ladder,d10_calibration_obs300;superseded_by_rebuild,True,False,/e/project1/e-dev-2026d01-011/zhang78/research/Honeycomb_J1J2/data/TeneT.c/J1J2p_Honeycomb_merge_D10_SU_min_norm/2026-08-18_115634_dual_BSC_Jupiter_J2p030-050_D10_chi512_768_1024_envgate_v23/J2p0p36/chi768/obs_iter7_maxiter300/D10/observable/χ768.log
0.36,10,768,0.017745297876353403,0.133211478020302,2.37479848492295,0.4210883602751013,-0.462068687457094,nan,nan,d10_v24_chi_ladder,d10_calibration_obs1000;superseded_by_rebuild,True,False,/e/project1/e-dev-2026d01-011/zhang78/research/Honeycomb_J1J2/data/TeneT.c/J1J2p_Honeycomb_merge_D10_SU_min_norm/2026-08-18_115634_dual_BSC_Jupiter_J2p030-050_D10_chi512_768_1024_envgate_v23/J2p0p36/chi768/obs_iter7_maxiter1000/D10/observable/χ768.log
0.36,10,1024,0.017742852125551708,0.133202297748769,2.40376351329669,0.4160143019346066,-0.462069448221982,nan,nan,d10_v24_chi_ladder,d10_ladder,True,True,/e/project1/e-dev-2026d01-011/zhang78/research/Honeycomb_J1J2/data/TeneT.c/J1J2p_Honeycomb_merge_D10_SU_min_norm/2026-08-18_115634_dual_BSC_Jupiter_J2p030-050_D10_chi512_768_1024_envgate_v23/J2p0p36/chi1024/obs_iter8/D10/observable/χ1024.log
0.38,10,512,0.01502975485417851,0.122595900641818,2.17479745821724,0.45981293394546086,-0.458544912807083,nan,nan,d10_v24_chi_ladder,d10_wrong_state_preoptimisation;EXCLUDED,True,False,/e/project1/e-dev-2026d01-011/zhang78/research/Honeycomb_J1J2/data/TeneT.c/J1J2p_Honeycomb_merge_D10_SU_min_norm/2026-08-18_115634_dual_BSC_Jupiter_J2p030-050_D10_chi512_768_1024_envgate_v23/J2p0p38/chi512/obs_from_env1/D10/observable/χ512.log
0.4,10,1024,0.011036778669635632,0.105056073930238,2.1226936726366,0.4710995339981858,-0.455329933191141,nan,nan,d10_v24_chi_ladder,d10_ladder;superseded_by_obs1000,True,False,/e/project1/e-dev-2026d01-011/zhang78/research/Honeycomb_J1J2/data/TeneT.c/J1J2p_Honeycomb_merge_D10_SU_min_norm/2026-08-18_115634_dual_BSC_Jupiter_J2p030-050_D10_chi512_768_1024_envgate_v23/J2p0p40/chi1024/opt_iter10/D10/observable/χ1024.log
0.42,10,768,0.007952017047358505,0.0891740828231976,2.0270787030012,0.49332075687019245,-0.452248714231605,nan,nan,d10_v24_chi_ladder,d10_ladder,True,True,/e/project1/e-dev-2026d01-011/zhang78/research/Honeycomb_J1J2/data/TeneT.c/J1J2p_Honeycomb_merge_D10_SU_min_norm/2026-08-18_115634_dual_BSC_Jupiter_J2p030-050_D10_chi512_768_1024_envgate_v23/J2p0p42/chi768/obs_iter12/D10/observable/χ768.log
0.44,10,512,0.0054476245206015236,0.0738080247710337,1.88247239190531,0.5312162899705893,-0.44940135618379,nan,nan,d10_v24_chi_ladder,d10_ladder;obs_boundary_1e-4_CAVEAT,True,True,/e/project1/e-dev-2026d01-011/zhang78/research/Honeycomb_J1J2/data/TeneT.c/J1J2p_Honeycomb_merge_D10_SU_min_norm/2026-08-18_115634_dual_BSC_Jupiter_J2p030-050_D10_chi512_768_1024_envgate_v23/J2p0p44/chi512/obs_iter34/D10/observable/χ512.log
0.46,10,512,0.0035005261871035678,0.0591652447565593,1.83581667242622,0.5447167002129889,-0.446752554096121,nan,nan,d10_v24_chi_ladder,d10_ladder,True,True,/e/project1/e-dev-2026d01-011/zhang78/research/Honeycomb_J1J2/data/TeneT.c/J1J2p_Honeycomb_merge_D10_SU_min_norm/2026-08-18_115634_dual_BSC_Jupiter_J2p030-050_D10_chi512_768_1024_envgate_v23/J2p0p46/chi512/opt_prod1_iter20_relaxed/D10/observable/χ512.log
0.46,10,768,0.003539363849746916,0.0594925528931724,1.83449590427822,0.5451088757777569,-0.44674951768102,nan,nan,d10_v24_chi_ladder,d10_ladder,True,True,/e/project1/e-dev-2026d01-011/zhang78/research/Honeycomb_J1J2/data/TeneT.c/J1J2p_Honeycomb_merge_D10_SU_min_norm/2026-08-18_115634_dual_BSC_Jupiter_J2p030-050_D10_chi512_768_1024_envgate_v23/J2p0p46/chi768/opt_iter10/D10/observable/χ768.log
0.48,10,768,0.002367688683880982,0.0486589013838268,1.93175371996153,0.5176643325008917,-0.444354436134309,nan,nan,d10_v24_chi_ladder,d10_ladder,True,True,/e/project1/e-dev-2026d01-011/zhang78/research/Honeycomb_J1J2/data/TeneT.c/J1J2p_Honeycomb_merge_D10_SU_min_norm/2026-08-18_115634_dual_BSC_Jupiter_J2p030-050_D10_chi512_768_1024_envgate_v23/J2p0p48/chi768/opt_iter10/D10/observable/χ768.log
0.5,10,512,0.0013293485560155617,0.0364602325282706,2.12006651503728,0.4716833141352717,-0.442263838325609,nan,nan,d10_v24_chi_ladder,d10_ladder,True,True,/e/project1/e-dev-2026d01-011/zhang78/research/Honeycomb_J1J2/data/TeneT.c/J1J2p_Honeycomb_merge_D10_SU_min_norm/2026-08-18_115634_dual_BSC_Jupiter_J2p030-050_D10_chi512_768_1024_envgate_v23/J2p0p50/chi512/obs_iter38/D10/observable/χ512.log
0.5,10,768,0.0013331045933469452,0.0365117048814068,2.17375347659402,0.4600337668312167,-0.442229760700033,nan,nan,d10_v24_chi_ladder,d10_ladder,True,True,/e/project1/e-dev-2026d01-011/zhang78/research/Honeycomb_J1J2/data/TeneT.c/J1J2p_Honeycomb_merge_D10_SU_min_norm/2026-08-18_115634_dual_BSC_Jupiter_J2p030-050_D10_chi512_768_1024_envgate_v23/J2p0p50/chi768_from_iter7/opt_iter10/D10/observable/χ768.log
0.32,10,1024,0.025206788853869604,0.158766460103731,2.63941609179471,0.37887167662148913,-0.469492966321031,nan,nan,d10_v24_chi_ladder,d10_ladder;superseded_by_bsc_continuation,True,False,/e/project1/e-dev-2026d01-011/zhang78/research/Honeycomb_J1J2/data/TeneT.c/J1J2p_Honeycomb_merge_D10_SU_min_norm/2026-08-18_115634_dual_BSC_Jupiter_J2p030-050_D10_chi512_768_1024_envgate_v23/J2p0p32/chi1024/obs_iter8/D10/observable/χ1024.log
0.34,10,1024,0.02114902452656079,0.145427041937051,2.56596246102494,0.3897173147266399,-0.465705314426834,nan,nan,d10_v24_chi_ladder,d10_ladder;superseded_by_bsc_continuation,True,False,/e/project1/e-dev-2026d01-011/zhang78/research/Honeycomb_J1J2/data/TeneT.c/J1J2p_Honeycomb_merge_D10_SU_min_norm/2026-08-18_115634_dual_BSC_Jupiter_J2p030-050_D10_chi512_768_1024_envgate_v23/J2p0p34/chi1024/obs_iter8/D10/observable/χ1024.log
0.38,10,512,0.014266247063944396,0.119441395939366,2.23840788406536,0.4467461033883674,-0.458608123482895,nan,nan,d10_v24_chi_ladder,d10_ladder;replaces_excluded_row,True,True,/e/project1/e-dev-2026d01-011/zhang78/research/Honeycomb_J1J2/data/TeneT.c/J1J2p_Honeycomb_merge_D10_SU_min_norm/2026-08-18_115634_dual_BSC_Jupiter_J2p030-050_D10_chi512_768_1024_envgate_v23/J2p0p38/chi512_from_no23/measure/D10/observable/χ512.log
0.48,10,1024,0.0021462843734430725,0.0463280085201498,1.99484604494361,0.5012918177494082,-0.444357640122842,nan,nan,d10_v24_chi_ladder,d10_ladder;superseded_by_bsc_continuation,True,False,/e/project1/e-dev-2026d01-011/zhang78/research/Honeycomb_J1J2/data/TeneT.c/J1J2p_Honeycomb_merge_D10_SU_min_norm/2026-08-18_115634_dual_BSC_Jupiter_J2p030-050_D10_chi512_768_1024_envgate_v23/J2p0p48/chi1024/opt_iter8_r4/D10/observable/χ1024.log
0.38,10,768,0.013868493349468613,0.117764567461816,2.31137663337554,0.4326426016255073,-0.458603142313064,nan,nan,d10_v24_chi_ladder,d10_ladder;obs_IN_GATE,True,True,/e/project1/e-dev-2026d01-011/zhang78/research/Honeycomb_J1J2/data/TeneT.c/J1J2p_Honeycomb_merge_D10_SU_min_norm/2026-08-18_115634_dual_BSC_Jupiter_J2p030-050_D10_chi512_768_1024_envgate_v23/J2p0p38/chi768/opt_iter10/D10/observable/χ768.log
0.4,10,1024,0.011036778929305465,0.105056075166101,2.12272224691118,0.4710931924584679,-0.455329944026159,nan,nan,d10_v24_chi_ladder,d10_ladder;obs1000;obs_IN_GATE;supersedes_obs300,True,True,/e/project1/e-dev-2026d01-011/zhang78/research/Honeycomb_J1J2/data/TeneT.c/J1J2p_Honeycomb_merge_D10_SU_min_norm/2026-08-18_115634_dual_BSC_Jupiter_J2p030-050_D10_chi512_768_1024_envgate_v23/J2p0p40/chi1024/obs_iter10_maxiter1000/D10/observable/χ1024.log
0.42,10,1024,0.007697606532601475,0.0877360047677205,2.06104787973958,0.4851900869602084,-0.452251134482433,nan,nan,d10_v24_chi_ladder,d10_ladder,True,True,/e/project1/e-dev-2026d01-011/zhang78/research/Honeycomb_J1J2/data/TeneT.c/J1J2p_Honeycomb_merge_D10_SU_min_norm/2026-08-18_115634_dual_BSC_Jupiter_J2p030-050_D10_chi512_768_1024_envgate_v23/J2p0p42/chi1024/opt_iter8_r2/D10/observable/χ1024.log
0.44,10,768,0.005546695776519376,0.0744761423310806,1.91880631351203,0.5211573429574973,-0.449389749757613,nan,nan,d10_v24_chi_ladder,d10_ladder,True,True,/e/project1/e-dev-2026d01-011/zhang78/research/Honeycomb_J1J2/data/TeneT.c/J1J2p_Honeycomb_merge_D10_SU_min_norm/2026-08-18_115634_dual_BSC_Jupiter_J2p030-050_D10_chi512_768_1024_envgate_v23/J2p0p44/chi768/opt_iter10/D10/observable/χ768.log
0.5,10,1024,0.001308198169118042,0.0361690222306056,2.17754901106338,0.459231913917594,-0.442227185770823,nan,nan,d10_v24_chi_ladder,d10_ladder;energy_fit_point,True,True,/e/project1/e-dev-2026d01-011/zhang78/research/Honeycomb_J1J2/data/TeneT.c/J1J2p_Honeycomb_merge_D10_SU_min_norm/2026-08-18_115634_dual_BSC_Jupiter_J2p030-050_D10_chi512_768_1024_envgate_v23/J2p0p50/chi1024/opt_iter8/D10/observable/χ1024.log
0.4,10,1024,0.011036779223118732,0.105056076564465,2.12261893818222,0.4711161207561756,-0.455329941069138,nan,nan,bsc_h100_measure_2026-08-26,bsc_crosscheck_no4_obs300;reproduces_jupiter_to_2.6e-09,True,False,/gpfs/scratch/ehpc1046/ugen563458/J40_iter20_obs_2026-08-25/no4_obs300/D10/observable/χ1024.log
0.4,10,1024,0.010869603913337331,0.10425739260761,2.16979328802865,0.460873395413875,-0.455329873174051,nan,nan,bsc_h100_measure_2026-08-26,bsc_alternative_state_No20_obs300;NOT_energy_best,True,False,/gpfs/scratch/ehpc1046/ugen563458/J40_iter20_obs_2026-08-25/no20_obs300/D10/observable/χ1024.log
0.4,10,1024,0.010869603665809222,0.104257391420509,2.16960899242207,0.4609125439158682,-0.455329871796695,nan,nan,bsc_h100_measure_2026-08-26,bsc_alternative_state_No20_obs100;NOT_energy_best,True,False,/gpfs/scratch/ehpc1046/ugen563458/J40_iter20_obs_2026-08-25/no20_obs100/D10/observable/χ1024.log
0.5,4,256,nan,nan,0.937033548264252,1.0671976492756168,-0.43978302653729,nan,nan,j2p0p5_xi_vs_D_frontier,available_not_used_D_below_6;no_magnetization_recorded_at_this_D,False,False,figures/j2p0p5_xi_vs_D_points.csv
0.5,5,448,nan,nan,1.15364862280388,0.8668150598312635,-0.441394659243948,nan,nan,j2p0p5_xi_vs_D_frontier,available_not_used_D_below_6;no_magnetization_recorded_at_this_D,False,False,figures/j2p0p5_xi_vs_D_points.csv
0.5,6,512,nan,nan,1.49546778620759,0.66868708856373,-0.441940782895391,nan,nan,j2p0p5_xi_vs_D_frontier,energy_fit_point;no_magnetization_recorded_at_this_D,False,False,figures/j2p0p5_xi_vs_D_points.csv
0.32,10,1024,0.02496346829345858,0.157998317375403,2.65571223600437,0.37654682101572184,-0.469494039514112,nan,nan,bsc_h100_ladder_2026-08-29,d10_ladder;bsc_continuation,True,True,/gpfs/scratch/ehpc1046/ugen563458/J1J2p_D10_ladder_from_jupiter_2026-08-25/obs_J32/D10/observable/χ1024.log
0.34,10,1024,0.021247046093666774,0.145763665203873,2.56357355572592,0.3900804787779272,-0.465706381669519,nan,nan,bsc_h100_ladder_2026-08-29,d10_ladder;bsc_continuation,True,True,/gpfs/scratch/ehpc1046/ugen563458/J1J2p_D10_ladder_from_jupiter_2026-08-25/obs_J34/D10/observable/χ1024.log
0.44,10,1024,0.005344795868566965,0.0731081108261386,1.95457578575073,0.5116199675091706,-0.449392084138592,nan,nan,bsc_h100_ladder_2026-08-29,d10_ladder;bsc_first_chi1024,True,True,/gpfs/scratch/ehpc1046/ugen563458/J1J2p_D10_ladder_from_jupiter_2026-08-25/obs_J44/D10/observable/χ1024.log
0.48,10,1024,0.0022650750723673266,0.0475928048382035,1.96981068905048,0.5076629980528922,-0.444361352591877,nan,nan,bsc_h100_ladder_2026-08-29,d10_ladder;bsc_continuation,True,True,/gpfs/scratch/ehpc1046/ugen563458/J1J2p_D10_ladder_from_jupiter_2026-08-25/obs_J48/D10/observable/χ1024.log
0.5,8,1024,0.001541444448827536,0.0392612334094019,2.02824738275512,0.49303650457156034,-0.442171581143694,nan,nan,bsc_h100_d8_chi1024_2026-08-31,superseded_by_chi1024_optimisation;cpp_measurement_of_julia_state;control_passed,False,False,/gpfs/scratch/ehpc1046/ugen563458/J1J2p_D10_ladder_from_jupiter_2026-08-25/d8_obs_chi1024/D8/observable/χ1024.log
0.5,8,1024,0.0015922578073780146,0.0399031052347811,2.01753708096001,0.49565383924649714,-0.442173180633172,nan,nan,bsc_h100_d8_chi1024_optimised_2026-09-03,energy_fit_point;optimised_at_chi1024;cpp_control_passed,False,False,/gpfs/scratch/ehpc1046/ugen563458/J1J2p_D10_ladder_from_jupiter_2026-08-25/d8_opt_chi1024_r3/D8/observable/χ1024.log
